Price,Close,High,Low,Open,Volume
Ticker,DX-Y.NYB,DX-Y.NYB,DX-Y.NYB,DX-Y.NYB,DX-Y.NYB
Date,,,,,
2023-05-01,102.1500015258789,102.19000244140625,101.62000274658203,101.66999816894531,0
2023-05-02,101.95999908447266,102.4000015258789,101.87999725341797,102.1500015258789,0
2023-05-03,101.33999633789062,101.91999816894531,101.06999969482422,101.86000061035156,0
2023-05-04,101.4000015258789,101.63999938964844,101.02999877929688,101.19999694824219,0
2023-05-05,101.20999908447266,101.77999877929688,101.12000274658203,101.33999633789062,0
2023-05-08,101.37000274658203,101.41999816894531,101.04000091552734,101.27999877929688,0
2023-05-09,101.61000061035156,101.83999633789062,101.36000061035156,101.4000015258789,0
2023-05-10,101.4800033569336,101.80999755859375,101.22000122070312,101.62000274658203,0
2023-05-11,102.05999755859375,102.1500015258789,101.30000305175781,101.41000366210938,0
2023-05-12,102.68000030517578,102.70999908447266,101.94000244140625,102.0999984741211,0
2023-05-15,102.43000030517578,102.75,102.37999725341797,102.70999908447266,0
2023-05-16,102.55999755859375,102.69000244140625,102.19999694824219,102.43000030517578,0
2023-05-17,102.87999725341797,103.11000061035156,102.54000091552734,102.61000061035156,0
2023-05-18,103.58000183105469,103.62000274658203,102.80000305175781,102.91000366210938,0
2023-05-19,103.19999694824219,103.62000274658203,103.0,103.51000213623047,0
2023-05-22,103.19999694824219,103.37000274658203,102.95999908447266,103.19000244140625,0
2023-05-23,103.48999786376953,103.6500015258789,103.16000366210938,103.2699966430664,0
2023-05-24,103.88999938964844,103.91000366210938,103.3499984741211,103.54000091552734,0
2023-05-25,104.20999908447266,104.30999755859375,103.83999633789062,103.86000061035156,0
2023-05-26,104.20999908447266,104.41999816894531,103.8499984741211,104.2300033569336,0
2023-05-30,104.16999816894531,104.52999877929688,103.87999725341797,104.30000305175781,0
2023-05-31,104.31999969482422,104.69999694824219,104.01000213623047,104.05000305175781,0
2023-06-01,103.55999755859375,104.5,103.5,104.1500015258789,0
2023-06-02,104.0199966430664,104.08999633789062,103.37999725341797,103.55999755859375,0
2023-06-05,104.0,104.4000015258789,103.93000030517578,104.04000091552734,0
2023-06-06,104.12999725341797,104.37000274658203,103.81999969482422,104.01000213623047,0
2023-06-07,104.0999984741211,104.30000305175781,103.66000366210938,104.12000274658203,0
2023-06-08,103.33999633789062,104.06999969482422,103.30000305175781,104.06999969482422,0
2023-06-09,103.55999755859375,103.61000061035156,103.30000305175781,103.30000305175781,0
2023-06-12,103.62999725341797,103.76000213623047,103.23999786376953,103.55000305175781,0
2023-06-13,103.33999633789062,103.62000274658203,103.05000305175781,103.58000183105469,0
2023-06-14,103.01000213623047,103.4000015258789,102.66000366210938,103.31999969482422,0
2023-06-15,102.12000274658203,103.37999725341797,102.08999633789062,102.95999908447266,0
2023-06-16,102.30000305175781,102.43000030517578,102.01000213623047,102.12000274658203,0
2023-06-20,102.54000091552734,102.79000091552734,102.31999969482422,102.4800033569336,0
2023-06-21,102.06999969482422,102.70999908447266,102.0199966430664,102.5,0
2023-06-22,102.38999938964844,102.47000122070312,101.91999816894531,102.02999877929688,0
2023-06-23,102.9000015258789,103.16999816894531,102.37999725341797,102.37999725341797,0
2023-06-26,102.69000244140625,102.83000183105469,102.61000061035156,102.83000183105469,0
2023-06-27,102.48999786376953,102.80000305175781,102.31999969482422,102.73999786376953,0
2023-06-28,102.91000366210938,103.1500015258789,102.47000122070312,102.51000213623047,0
2023-06-29,103.33999633789062,103.44000244140625,102.77999877929688,102.95999908447266,0
2023-06-30,102.91000366210938,103.54000091552734,102.75,103.3499984741211,0
2023-07-03,102.98999786376953,103.2699966430664,102.75,102.91999816894531,0
2023-07-05,103.37000274658203,103.38999938964844,102.95999908447266,103.08000183105469,0
2023-07-06,103.16999816894531,103.56999969482422,102.91999816894531,103.3499984741211,0
2023-07-07,102.2699966430664,103.19000244140625,102.2300033569336,103.08000183105469,0
2023-07-10,101.97000122070312,102.55999755859375,101.94999694824219,102.29000091552734,0
2023-07-11,101.7300033569336,101.97000122070312,101.6500015258789,101.94000244140625,0
2023-07-12,100.5199966430664,101.61000061035156,100.51000213623047,101.58999633789062,0
2023-07-13,99.7699966430664,100.61000061035156,99.73999786376953,100.5199966430664,0
2023-07-14,99.91000366210938,100.0199966430664,99.58000183105469,99.75,0
2023-07-17,99.83999633789062,100.18000030517578,99.75,99.95999908447266,0
2023-07-18,99.94000244140625,100.11000061035156,99.58999633789062,99.88999938964844,0
2023-07-19,100.27999877929688,100.54000091552734,99.93000030517578,99.9800033569336,0
2023-07-20,100.87999725341797,100.97000122070312,100.0199966430664,100.27999877929688,0
2023-07-21,101.06999969482422,101.19000244140625,100.72000122070312,100.77999877929688,0
2023-07-24,101.3499984741211,101.43000030517578,100.88999938964844,101.08999633789062,0
2023-07-25,101.3499984741211,101.6500015258789,101.19000244140625,101.41999816894531,0
2023-07-26,100.88999938964844,101.44000244140625,100.86000061035156,101.31999969482422,0
2023-07-27,101.7699966430664,101.83999633789062,100.55000305175781,101.11000061035156,0
2023-07-28,101.62000274658203,102.04000091552734,101.36000061035156,101.69000244140625,0
2023-07-31,101.86000061035156,101.91000366210938,101.52999877929688,101.69999694824219,0
2023-08-01,102.30000305175781,102.43000030517578,101.8499984741211,101.87000274658203,0
2023-08-02,102.58999633789062,102.77999877929688,101.95999908447266,101.95999908447266,0
2023-08-03,102.54000091552734,102.83999633789062,102.37000274658203,102.58999633789062,0
2023-08-04,102.0199966430664,102.62000274658203,101.73999786376953,102.44999694824219,0
2023-08-07,102.05000305175781,102.37999725341797,101.97000122070312,102.01000213623047,0
2023-08-08,102.52999877929688,102.80000305175781,102.06999969482422,102.06999969482422,0
2023-08-09,102.48999786376953,102.58000183105469,102.29000091552734,102.55000305175781,0
2023-08-10,102.5199966430664,102.6500015258789,101.77999877929688,102.4800033569336,0
2023-08-11,102.83999633789062,102.91000366210938,102.41999816894531,102.62000274658203,0
2023-08-14,103.19000244140625,103.45999908447266,102.7699966430664,102.8499984741211,0
2023-08-15,103.20999908447266,103.2699966430664,102.81999969482422,103.1500015258789,0
2023-08-16,103.41999816894531,103.52999877929688,102.94000244140625,103.20999908447266,0
2023-08-17,103.44000244140625,103.5999984741211,103.05999755859375,103.4800033569336,0
2023-08-18,103.37999725341797,103.68000030517578,103.2300033569336,103.4000015258789,0
2023-08-21,103.33000183105469,103.5,103.13999938964844,103.43000030517578,0
2023-08-22,103.55999755859375,103.72000122070312,103.01000213623047,103.33000183105469,0
2023-08-23,103.36000061035156,103.9800033569336,103.30000305175781,103.58000183105469,0
2023-08-24,103.9800033569336,104.02999877929688,103.2699966430664,103.36000061035156,0
2023-08-25,104.08000183105469,104.44999694824219,103.73999786376953,104.0999984741211,0
2023-08-28,104.05999755859375,104.20999908447266,103.9800033569336,104.19000244140625,0
2023-08-29,103.55000305175781,104.36000061035156,103.37000274658203,103.91999816894531,0
2023-08-30,103.16000366210938,103.69999694824219,102.94000244140625,103.44000244140625,0
2023-08-31,103.62000274658203,103.73999786376953,103.01000213623047,103.0999984741211,0
2023-09-01,104.23999786376953,104.29000091552734,103.2699966430664,103.62000274658203,0
2023-09-05,104.80999755859375,104.91000366210938,104.11000061035156,104.12999725341797,0
2023-09-06,104.86000061035156,105.0199966430664,104.58999633789062,104.75,0
2023-09-07,105.05999755859375,105.16000366210938,104.80000305175781,104.86000061035156,0
2023-09-08,105.08999633789062,105.0999984741211,104.66000366210938,105.05999755859375,0
2023-09-11,104.56999969482422,104.94000244140625,104.41999816894531,104.94000244140625,0
2023-09-12,104.70999908447266,104.91999816894531,104.45999908447266,104.55999755859375,0
2023-09-13,104.7699966430664,104.97000122070312,104.51000213623047,104.58000183105469,0
2023-09-14,105.41000366210938,105.44000244140625,104.55999755859375,104.73999786376953,0
2023-09-15,105.31999969482422,105.41000366210938,105.08000183105469,105.37999725341797,0
2023-09-18,105.19999694824219,105.36000061035156,105.0199966430664,105.30000305175781,0
2023-09-19,105.19999694824219,105.20999908447266,104.81999969482422,105.08000183105469,0
2023-09-20,105.16000366210938,105.44000244140625,104.66999816894531,105.11000061035156,0
2023-09-21,105.36000061035156,105.73999786376953,105.27999877929688,105.44000244140625,0
2023-09-22,105.58000183105469,105.77999877929688,105.31999969482422,105.37999725341797,0
2023-09-25,106.0,106.0999984741211,105.5199966430664,105.56999969482422,0
2023-09-26,106.2300033569336,106.26000213623047,105.86000061035156,105.94000244140625,0
2023-09-27,106.66999816894531,106.83999633789062,106.16999816894531,106.22000122070312,0
2023-09-28,106.22000122070312,106.76000213623047,106.0199966430664,106.68000030517578,0
2023-09-29,106.16999816894531,106.23999786376953,105.66000366210938,106.1500015258789,0
2023-10-02,106.9000015258789,107.02999877929688,106.04000091552734,106.16999816894531,0
2023-10-03,107.0,107.3499984741211,106.91000366210938,107.02999877929688,0
2023-10-04,106.80000305175781,107.23999786376953,106.51000213623047,107.05999755859375,0
2023-10-05,106.33000183105469,106.86000061035156,106.31999969482422,106.7699966430664,0
2023-10-06,106.04000091552734,106.97000122070312,105.94999694824219,106.36000061035156,0
2023-10-09,106.08000183105469,106.5999984741211,106.0199966430664,106.0999984741211,0
2023-10-10,105.83000183105469,106.25,105.66000366210938,106.02999877929688,0
2023-10-11,105.81999969482422,106.01000213623047,105.55999755859375,105.7300033569336,0
2023-10-12,106.56999969482422,106.5999984741211,105.54000091552734,105.66999816894531,0
2023-10-13,106.6500015258789,106.79000091552734,106.29000091552734,106.5199966430664,0
2023-10-16,106.23999786376953,106.62999725341797,106.18000030517578,106.58000183105469,0
2023-10-17,106.25,106.52999877929688,106.0199966430664,106.26000213623047,0
2023-10-18,106.56999969482422,106.63999938964844,106.01000213623047,106.22000122070312,0
2023-10-19,106.25,106.66999816894531,105.9800033569336,106.54000091552734,0
2023-10-20,106.16000366210938,106.41999816894531,106.06999969482422,106.26000213623047,0
2023-10-23,105.54000091552734,106.33000183105469,105.5199966430664,106.16000366210938,0
2023-10-24,106.2699966430664,106.31999969482422,105.36000061035156,105.61000061035156,0
2023-10-25,106.52999877929688,106.56999969482422,106.13999938964844,106.25,0
2023-10-26,106.5999984741211,106.88999938964844,106.52999877929688,106.58000183105469,0
2023-10-27,106.55999755859375,106.80000305175781,106.31999969482422,106.58999633789062,0
2023-10-30,106.12000274658203,106.69999694824219,106.05999755859375,106.58000183105469,0
2023-10-31,106.66000366210938,106.86000061035156,105.91000366210938,106.16000366210938,0
2023-11-01,106.87999725341797,107.11000061035156,106.61000061035156,106.66999816894531,0
2023-11-02,106.12000274658203,106.51000213623047,105.80999755859375,106.5,0
2023-11-03,105.0199966430664,106.22000122070312,104.94000244140625,106.19999694824219,0
2023-11-06,105.22000122070312,105.29000091552734,104.8499984741211,105.06999969482422,0
2023-11-07,105.54000091552734,105.77999877929688,105.2699966430664,105.2699966430664,0
2023-11-08,105.58999633789062,105.87000274658203,105.44999694824219,105.54000091552734,0
2023-11-09,105.91000366210938,105.97000122070312,105.37999725341797,105.52999877929688,0
2023-11-10,105.86000061035156,106.01000213623047,105.73999786376953,105.93000030517578,0
2023-11-13,105.66000366210938,105.95999908447266,105.58999633789062,105.80000305175781,0
2023-11-14,104.11000061035156,105.7300033569336,103.98999786376953,105.6500015258789,0
2023-11-15,104.38999938964844,104.51000213623047,103.9800033569336,104.37999725341797,0
2023-11-16,104.37000274658203,104.55999755859375,104.01000213623047,104.36000061035156,0
2023-11-17,103.81999969482422,104.55000305175781,103.80999755859375,104.4000015258789,0
2023-11-20,103.47000122070312,103.97000122070312,103.37999725341797,103.81999969482422,0
2023-11-21,103.56999969482422,103.70999908447266,103.18000030517578,103.47000122070312,0
2023-11-22,103.91999816894531,104.20999908447266,103.4800033569336,103.55000305175781,0
2023-11-24,103.4000015258789,103.83999633789062,103.36000061035156,103.75,0
2023-11-27,103.19999694824219,103.52999877929688,103.19000244140625,103.41999816894531,0
2023-11-28,102.75,103.31999969482422,102.61000061035156,103.12999725341797,0
2023-11-29,102.7699966430664,103.01000213623047,102.47000122070312,102.6500015258789,0
2023-11-30,103.5,103.58999633789062,102.72000122070312,102.83000183105469,0
2023-12-01,103.2699966430664,103.72000122070312,103.12000274658203,103.36000061035156,0
2023-12-04,103.63999938964844,103.8499984741211,103.05999755859375,103.19000244140625,0
2023-12-05,104.05000305175781,104.08999633789062,103.55000305175781,103.55999755859375,0
2023-12-06,104.1500015258789,104.2300033569336,103.87000274658203,103.98999786376953,0
2023-12-07,103.54000091552734,104.19999694824219,103.2699966430664,104.11000061035156,0
2023-12-08,104.01000213623047,104.26000213623047,103.44000244140625,103.63999938964844,0
2023-12-11,104.0999984741211,104.26000213623047,103.93000030517578,103.9800033569336,0
2023-12-12,103.87000274658203,104.0999984741211,103.48999786376953,104.02999877929688,0
2023-12-13,102.87000274658203,104.02999877929688,102.77999877929688,103.81999969482422,0
2023-12-14,101.95999908447266,102.80000305175781,101.7699966430664,102.77999877929688,0
2023-12-15,102.55000305175781,102.63999938964844,101.83999633789062,102.0999984741211,0
2023-12-18,102.51000213623047,102.62999725341797,102.37999725341797,102.58999633789062,0
2023-12-19,102.16999816894531,102.62999725341797,102.06999969482422,102.47000122070312,0
2023-12-20,102.41000366210938,102.54000091552734,102.16000366210938,102.19000244140625,0
2023-12-21,101.83999633789062,102.44999694824219,101.73999786376953,102.38999938964844,0
2023-12-22,101.69999694824219,101.9000015258789,101.43000030517578,101.76000213623047,0
2023-12-26,101.47000122070312,101.7699966430664,101.44999694824219,101.6500015258789,0
2023-12-27,100.98999786376953,101.56999969482422,100.83000183105469,101.55000305175781,0
2023-12-28,101.2300033569336,101.30000305175781,100.62000274658203,100.87000274658203,0
2023-12-29,101.33000183105469,101.41999816894531,101.06999969482422,101.19999694824219,0
2024-01-02,102.19999694824219,102.25,101.33999633789062,101.41999816894531,0
2024-01-03,102.45999908447266,102.7300033569336,102.08000183105469,102.1500015258789,0
2024-01-04,102.41999816894531,102.52999877929688,102.1500015258789,102.45999908447266,0
2024-01-05,102.41000366210938,103.0999984741211,101.91000366210938,102.4000015258789,0
2024-01-08,102.20999908447266,102.62000274658203,102.08000183105469,102.44000244140625,0
2024-01-09,102.56999969482422,102.66000366210938,102.11000061035156,102.22000122070312,0
2024-01-10,102.36000061035156,102.63999938964844,102.33999633789062,102.4800033569336,0
2024-01-11,102.29000091552734,102.76000213623047,102.16000366210938,102.30000305175781,0
2024-01-12,102.4000015258789,102.58999633789062,102.08999633789062,102.30000305175781,0
2024-01-16,103.36000061035156,103.43000030517578,102.73999786376953,102.73999786376953,0
2024-01-17,103.44999694824219,103.69000244140625,103.26000213623047,103.36000061035156,0
2024-01-18,103.54000091552734,103.62999725341797,103.1500015258789,103.37000274658203,0
2024-01-19,103.29000091552734,103.55000305175781,103.23999786376953,103.37000274658203,0
2024-01-22,103.33000183105469,103.37000274658203,103.11000061035156,103.23999786376953,0
2024-01-23,103.62000274658203,103.81999969482422,102.9800033569336,103.3499984741211,0
2024-01-24,103.23999786376953,103.55000305175781,102.7699966430664,103.51000213623047,0
2024-01-25,103.56999969482422,103.68000030517578,103.12000274658203,103.3499984741211,0
2024-01-26,103.47000122070312,103.7300033569336,103.1500015258789,103.5199966430664,0
2024-01-29,103.61000061035156,103.81999969482422,103.4000015258789,103.47000122070312,0
2024-01-30,103.4000015258789,103.61000061035156,103.30999755859375,103.44000244140625,0
2024-01-31,103.2699966430664,103.73999786376953,102.94000244140625,103.41999816894531,0
2024-02-01,103.05000305175781,103.80999755859375,103.0199966430664,103.51000213623047,0
2024-02-02,103.91999816894531,104.04000091552734,102.9000015258789,102.98999786376953,0
2024-02-05,104.44999694824219,104.5999984741211,103.98999786376953,103.98999786376953,0
2024-02-06,104.18000030517578,104.58999633789062,104.13999938964844,104.44000244140625,0
2024-02-07,104.04000091552734,104.16999816894531,103.94000244140625,104.1500015258789,0
2024-02-08,104.1500015258789,104.43000030517578,103.95999908447266,104.02999877929688,0
2024-02-09,104.08000183105469,104.26000213623047,103.94999694824219,104.13999938964844,0
2024-02-12,104.16999816894531,104.27999877929688,103.9000015258789,104.08000183105469,0
2024-02-13,104.95999908447266,104.95999908447266,103.97000122070312,104.18000030517578,0
2024-02-14,104.72000122070312,104.9800033569336,104.66000366210938,104.83999633789062,0
2024-02-15,104.30000305175781,104.70999908447266,104.18000030517578,104.66000366210938,0
2024-02-16,104.30000305175781,104.66999816894531,104.16999816894531,104.30000305175781,0
2024-02-20,104.08000183105469,104.41000366210938,103.80000305175781,104.31999969482422,0
2024-02-21,104.01000213623047,104.20999908447266,103.94000244140625,104.04000091552734,0
2024-02-22,103.95999908447266,104.12999725341797,103.43000030517578,103.91000366210938,0
2024-02-23,103.94000244140625,104.05000305175781,103.7699966430664,103.94999694824219,0
2024-02-26,103.83000183105469,104.0199966430664,103.70999908447266,103.95999908447266,0
2024-02-27,103.83000183105469,103.91999816894531,103.61000061035156,103.77999877929688,0
2024-02-28,103.9800033569336,104.23999786376953,103.80999755859375,103.83999633789062,0
2024-02-29,104.16000366210938,104.19999694824219,103.66000366210938,103.91999816894531,0
2024-03-01,103.86000061035156,104.29000091552734,103.83999633789062,104.12999725341797,0
2024-03-04,103.83000183105469,103.95999908447266,103.7300033569336,103.88999938964844,0
2024-03-05,103.80000305175781,103.94999694824219,103.58000183105469,103.8499984741211,0
2024-03-06,103.37000274658203,103.88999938964844,103.19999694824219,103.80999755859375,0
2024-03-07,102.81999969482422,103.3499984741211,102.80000305175781,103.30999755859375,0
2024-03-08,102.73999786376953,102.9000015258789,102.36000061035156,102.7300033569336,0
2024-03-11,102.87000274658203,102.93000030517578,102.63999938964844,102.73999786376953,0
2024-03-12,102.95999908447266,103.18000030517578,102.72000122070312,102.81999969482422,0
2024-03-13,102.79000091552734,103.0199966430664,102.66999816894531,102.93000030517578,0
2024-03-14,103.36000061035156,103.4000015258789,102.73999786376953,102.76000213623047,0
2024-03-15,103.43000030517578,103.48999786376953,103.30000305175781,103.38999938964844,0
2024-03-18,103.58000183105469,103.6500015258789,103.33999633789062,103.44999694824219,0
2024-03-19,103.80999755859375,104.05999755859375,103.58000183105469,103.58999633789062,0
2024-03-20,103.41000366210938,104.1500015258789,103.37999725341797,103.83999633789062,0
2024-03-21,104.0,104.05000305175781,103.16999816894531,103.23999786376953,0
2024-03-22,104.43000030517578,104.5,103.91999816894531,103.98999786376953,0
2024-03-25,104.2300033569336,104.4800033569336,104.13999938964844,104.43000030517578,0
2024-03-26,104.29000091552734,104.33999633789062,104.01000213623047,104.22000122070312,0
2024-03-27,104.3499984741211,104.45999908447266,104.22000122070312,104.30000305175781,0
2024-03-28,104.55000305175781,104.7300033569336,104.30999755859375,104.44000244140625,0
2024-04-01,105.0199966430664,105.08000183105469,104.41999816894531,104.48999786376953,0
2024-04-02,104.81999969482422,105.0999984741211,104.68000030517578,105.0,0
2024-04-03,104.25,104.83999633789062,104.2300033569336,104.7699966430664,0
2024-04-04,104.12000274658203,104.26000213623047,103.91999816894531,104.2300033569336,0
2024-04-05,104.30000305175781,104.69000244140625,104.13999938964844,104.20999908447266,0
2024-04-08,104.13999938964844,104.44000244140625,104.0999984741211,104.29000091552734,0
2024-04-09,104.1500015258789,104.19999694824219,103.87999725341797,104.12000274658203,0
2024-04-10,105.25,105.30000305175781,104.0199966430664,104.0999984741211,0
2024-04-11,105.27999877929688,105.52999877929688,105.02999877929688,105.18000030517578,0
2024-04-12,106.04000091552734,106.11000061035156,105.23999786376953,105.27999877929688,0
2024-04-15,106.20999908447266,106.25,105.83999633789062,106.01000213623047,0
2024-04-16,106.26000213623047,106.5199966430664,106.06999969482422,106.16999816894531,0
2024-04-17,105.94999694824219,106.44000244140625,105.87000274658203,106.33000183105469,0
2024-04-18,106.1500015258789,106.18000030517578,105.73999786376953,105.93000030517578,0
2024-04-19,106.1500015258789,106.3499984741211,105.8499984741211,106.19000244140625,0
2024-04-22,106.08000183105469,106.4000015258789,105.9800033569336,106.12000274658203,0
2024-04-23,105.69000244140625,106.23999786376953,105.61000061035156,106.12000274658203,0
2024-04-24,105.86000061035156,105.94999694824219,105.58999633789062,105.69000244140625,0
2024-04-25,105.5999984741211,106.0,105.51000213623047,105.81999969482422,0
2024-04-26,105.94000244140625,106.19000244140625,105.41000366210938,105.58000183105469,0
2024-04-29,105.58000183105469,106.08000183105469,105.45999908447266,106.08000183105469,0
2024-04-30,106.22000122070312,106.3499984741211,105.66999816894531,105.66999816894531,0
2024-05-01,105.76000213623047,106.48999786376953,105.44000244140625,106.31999969482422,0
2024-05-02,105.30000305175781,105.9000015258789,105.30000305175781,105.7300033569336,0
2024-05-03,105.02999877929688,105.37000274658203,104.5199966430664,105.30999755859375,0
2024-05-06,105.05000305175781,105.19999694824219,104.87000274658203,105.08000183105469,0
2024-05-07,105.41000366210938,105.44999694824219,105.02999877929688,105.13999938964844,0
2024-05-08,105.55000305175781,105.63999938964844,105.38999938964844,105.41999816894531,0
2024-05-09,105.2300033569336,105.73999786376953,105.20999908447266,105.5199966430664,0
2024-05-10,105.30999755859375,105.4000015258789,105.13999938964844,105.20999908447266,0
2024-05-13,105.22000122070312,105.37000274658203,105.05999755859375,105.30999755859375,0
2024-05-14,105.01000213623047,105.45999908447266,104.95999908447266,105.19999694824219,0
2024-05-15,104.3499984741211,105.05999755859375,104.29000091552734,105.05000305175781,0
2024-05-16,104.45999908447266,104.62999725341797,104.08000183105469,104.20999908447266,0
2024-05-17,104.44999694824219,104.80000305175781,104.38999938964844,104.5,0
2024-05-20,104.56999969482422,104.6500015258789,104.38999938964844,104.5,0
2024-05-21,104.66000366210938,104.7699966430664,104.4800033569336,104.5999984741211,0
2024-05-22,104.94000244140625,104.97000122070312,104.55999755859375,104.62000274658203,0
2024-05-23,105.11000061035156,105.11000061035156,104.62999725341797,104.9000015258789,0
2024-05-24,104.72000122070312,105.12000274658203,104.63999938964844,105.04000091552734,0
2024-05-28,104.61000061035156,104.63999938964844,104.33999633789062,104.58000183105469,0
2024-05-29,105.0999984741211,105.13999938964844,104.58999633789062,104.63999938964844,0
2024-05-30,104.72000122070312,105.18000030517578,104.62999725341797,105.12999725341797,0
2024-05-31,104.66999816894531,104.9000015258789,104.36000061035156,104.76000213623047,0
2024-06-03,104.13999938964844,104.7699966430664,104.05999755859375,104.62999725341797,0
2024-06-04,104.11000061035156,104.33000183105469,103.98999786376953,104.05000305175781,0
2024-06-05,104.2699966430664,104.45999908447266,104.12999725341797,104.16999816894531,0
2024-06-06,104.0999984741211,104.37000274658203,104.05000305175781,104.25,0
2024-06-07,104.88999938964844,104.94999694824219,104.0,104.08999633789062,0
2024-06-10,105.1500015258789,105.38999938964844,105.04000091552734,105.04000091552734,0
2024-06-11,105.2300033569336,105.45999908447266,105.0999984741211,105.1500015258789,0
2024-06-12,104.6500015258789,105.31999969482422,104.26000213623047,105.27999877929688,0
2024-06-13,105.19999694824219,105.27999877929688,104.63999938964844,104.69000244140625,0
2024-06-14,105.55000305175781,105.80999755859375,105.18000030517578,105.2300033569336,0
2024-06-17,105.31999969482422,105.6500015258789,105.30999755859375,105.51000213623047,0
2024-06-18,105.26000213623047,105.55999755859375,105.12999725341797,105.30000305175781,0
2024-06-20,105.58999633789062,105.66999816894531,105.19999694824219,105.19999694824219,0
2024-06-21,105.80000305175781,105.91999816894531,105.54000091552734,105.63999938964844,0
2024-06-24,105.47000122070312,105.9000015258789,105.37000274658203,105.83000183105469,0
2024-06-25,105.61000061035156,105.77999877929688,105.37000274658203,105.51000213623047,0
2024-06-26,106.05000305175781,106.12999725341797,105.61000061035156,105.66000366210938,0
2024-06-27,105.91000366210938,106.08000183105469,105.70999908447266,106.06999969482422,0
2024-06-28,105.87000274658203,106.12999725341797,105.75,105.91999816894531,0
2024-07-01,105.9000015258789,105.9800033569336,105.43000030517578,105.8499984741211,0
2024-07-02,105.72000122070312,106.05000305175781,105.68000030517578,105.8499984741211,0
2024-07-03,105.4000015258789,105.80000305175781,105.05000305175781,105.66999816894531,0
2024-07-05,104.87999725341797,105.16999816894531,104.83000183105469,105.16999816894531,0
2024-07-08,105.01000213623047,105.02999877929688,104.80000305175781,104.87999725341797,0
2024-07-09,105.12999725341797,105.20999908447266,104.95999908447266,104.98999786376953,0
2024-07-10,105.05000305175781,105.16999816894531,104.9800033569336,105.12000274658203,0
2024-07-11,104.44000244140625,105.0,104.08000183105469,104.98999786376953,0
2024-07-12,104.08999633789062,104.55000305175781,104.04000091552734,104.5199966430664,0
2024-07-15,104.19000244140625,104.31999969482422,104.02999877929688,104.08000183105469,0
2024-07-16,104.2699966430664,104.51000213623047,104.19999694824219,104.25,0
2024-07-17,103.75,104.29000091552734,103.6500015258789,104.22000122070312,0
2024-07-18,104.16999816894531,104.2300033569336,103.6500015258789,103.69999694824219,0
2024-07-19,104.4000015258789,104.41999816894531,104.12999725341797,104.16000366210938,0
2024-07-22,104.30999755859375,104.41999816894531,104.18000030517578,104.37000274658203,0
2024-07-23,104.44999694824219,104.54000091552734,104.19999694824219,104.30999755859375,0
2024-07-24,104.38999938964844,104.55999755859375,104.12000274658203,104.4800033569336,0
2024-07-25,104.36000061035156,104.45999908447266,104.08000183105469,104.37999725341797,0
2024-07-26,104.31999969482422,104.44999694824219,104.20999908447266,104.36000061035156,0
2024-07-29,104.55999755859375,104.75,104.13999938964844,104.33000183105469,0
2024-07-30,104.55000305175781,104.80000305175781,104.45999908447266,104.55999755859375,0
2024-07-31,104.0999984741211,104.52999877929688,103.93000030517578,104.43000030517578,0
2024-08-01,104.41999816894531,104.44999694824219,103.86000061035156,104.06999969482422,0
2024-08-02,103.20999908447266,104.43000030517578,103.12999725341797,104.30999755859375,0
2024-08-05,102.69000244140625,103.27999877929688,102.16000366210938,103.22000122070312,0
2024-08-06,102.97000122070312,103.2300033569336,102.69999694824219,102.77999877929688,0
2024-08-07,103.19999694824219,103.37000274658203,102.91999816894531,102.94999694824219,0
2024-08-08,103.20999908447266,103.55000305175781,102.91999816894531,103.08999633789062,0
2024-08-09,103.13999938964844,103.30000305175781,103.02999877929688,103.2699966430664,0
2024-08-12,103.13999938964844,103.30999755859375,103.08999633789062,103.1500015258789,0
2024-08-13,102.55999755859375,103.2699966430664,102.55000305175781,103.08999633789062,0
2024-08-14,102.56999969482422,102.72000122070312,102.2699966430664,102.61000061035156,0
2024-08-15,102.9800033569336,103.2300033569336,102.54000091552734,102.62999725341797,0
2024-08-16,102.45999908447266,103.05000305175781,102.38999938964844,103.04000091552734,0
2024-08-19,101.88999938964844,102.4800033569336,101.8499984741211,102.4000015258789,0
2024-08-20,101.44000244140625,102.01000213623047,101.36000061035156,101.87999725341797,0
2024-08-21,101.04000091552734,101.62999725341797,100.91999816894531,101.3499984741211,0
2024-08-22,101.51000213623047,101.62999725341797,101.08999633789062,101.12999725341797,0
2024-08-23,100.72000122070312,101.55000305175781,100.5999984741211,101.45999908447266,0
2024-08-26,100.8499984741211,100.91999816894531,100.52999877929688,100.68000030517578,0
2024-08-27,100.55000305175781,100.93000030517578,100.51000213623047,100.81999969482422,0
2024-08-28,101.08999633789062,101.18000030517578,100.56999969482422,100.56999969482422,0
2024-08-29,101.33999633789062,101.58000183105469,100.88999938964844,101.0,0
2024-08-30,101.69999694824219,101.77999877929688,101.25,101.37999725341797,0
2024-09-03,101.83000183105469,101.91999816894531,101.55999755859375,101.66000366210938,0
2024-09-04,101.36000061035156,101.77999877929688,101.23999786376953,101.69000244140625,0
2024-09-05,101.11000061035156,101.37000274658203,100.95999908447266,101.27999877929688,0
2024-09-06,101.18000030517578,101.4000015258789,100.58000183105469,101.05999755859375,0
2024-09-09,101.55000305175781,101.69999694824219,101.13999938964844,101.19000244140625,0
2024-09-10,101.62999725341797,101.7699966430664,101.54000091552734,101.63999938964844,0
2024-09-11,101.68000030517578,101.81999969482422,101.2699966430664,101.66000366210938,0
2024-09-12,101.37000274658203,101.83999633789062,101.2300033569336,101.77999877929688,0
2024-09-13,101.11000061035156,101.19999694824219,100.87999725341797,101.19999694824219,0
2024-09-16,100.76000213623047,101.0999984741211,100.58999633789062,101.04000091552734,0
2024-09-17,100.88999938964844,101.02999877929688,100.56999969482422,100.76000213623047,0
2024-09-18,100.5999984741211,101.1500015258789,100.22000122070312,100.94000244140625,0
2024-09-19,100.61000061035156,101.47000122070312,100.5199966430664,101.01000213623047,0
2024-09-20,100.72000122070312,101.0199966430664,100.41000366210938,100.69000244140625,0
2024-09-23,100.91999816894531,101.2300033569336,100.72000122070312,100.73999786376953,0
2024-09-24,100.37000274658203,101.05000305175781,100.33999633789062,100.97000122070312,0
2024-09-25,100.91999816894531,100.98999786376953,100.22000122070312,100.27999877929688,0
2024-09-26,100.55999755859375,100.97000122070312,100.4800033569336,100.93000030517578,0
2024-09-27,100.41999816894531,100.87999725341797,100.16000366210938,100.58999633789062,0
2024-09-30,100.77999877929688,100.91999816894531,100.18000030517578,100.41999816894531,0
2024-10-01,101.19000244140625,101.38999938964844,100.69999694824219,100.73999786376953,0
2024-10-02,101.68000030517578,101.69000244140625,101.16000366210938,101.23999786376953,0
2024-10-03,101.98999786376953,102.0999984741211,101.62999725341797,101.63999938964844,0
2024-10-04,102.5199966430664,102.69000244140625,101.80999755859375,101.91000366210938,0
2024-10-07,102.54000091552734,102.62000274658203,102.37000274658203,102.48999786376953,0
2024-10-08,102.55000305175781,102.63999938964844,102.29000091552734,102.45999908447266,0
2024-10-09,102.93000030517578,102.94000244140625,102.45999908447266,102.48999786376953,0
2024-10-10,102.98999786376953,103.18000030517578,102.72000122070312,102.87999725341797,0
2024-10-11,102.88999938964844,102.98999786376953,102.7699966430664,102.87999725341797,0
2024-10-14,103.30000305175781,103.36000061035156,102.93000030517578,102.93000030517578,0
2024-10-15,103.26000213623047,103.3499984741211,103.02999877929688,103.20999908447266,0
2024-10-16,103.58999633789062,103.61000061035156,103.16999816894531,103.26000213623047,0
2024-10-17,103.83000183105469,103.87000274658203,103.44000244140625,103.55999755859375,0
2024-10-18,103.48999786376953,103.80999755859375,103.45999908447266,103.80999755859375,0
2024-10-21,104.01000213623047,104.0199966430664,103.41999816894531,103.45999908447266,0
2024-10-22,104.08000183105469,104.12999725341797,103.81999969482422,103.97000122070312,0
2024-10-23,104.43000030517578,104.56999969482422,104.08999633789062,104.08999633789062,0
2024-10-24,104.05999755859375,104.45999908447266,104.01000213623047,104.43000030517578,0
2024-10-25,104.26000213623047,104.33999633789062,103.94000244140625,104.05000305175781,0
2024-10-28,104.31999969482422,104.56999969482422,104.12000274658203,104.31999969482422,0
2024-10-29,104.27999877929688,104.63999938964844,104.20999908447266,104.30999755859375,0
2024-10-30,103.98999786376953,104.44000244140625,103.9800033569336,104.25,0
2024-10-31,103.9800033569336,104.22000122070312,103.81999969482422,104.08999633789062,0
2024-11-01,104.27999877929688,104.3499984741211,103.68000030517578,103.86000061035156,0
2024-11-04,103.88999938964844,103.97000122070312,103.58000183105469,103.97000122070312,0
2024-11-05,103.41999816894531,103.95999908447266,103.37000274658203,103.91000366210938,0
2024-11-06,105.08999633789062,105.44000244140625,104.04000091552734,104.04000091552734,0
2024-11-07,104.51000213623047,105.25,104.19000244140625,105.16000366210938,0
2024-11-08,105.0,105.20999908447266,104.33999633789062,104.44999694824219,0
2024-11-11,105.54000091552734,105.70999908447266,104.93000030517578,104.94999694824219,0
2024-11-12,106.0199966430664,106.18000030517578,105.48999786376953,105.48999786376953,0
2024-11-13,106.4800033569336,106.54000091552734,105.72000122070312,106.0199966430664,0
2024-11-14,106.66999816894531,107.05999755859375,106.37999725341797,106.5,0
2024-11-15,106.69000244140625,106.95999908447266,106.33000183105469,106.9000015258789,0
2024-11-18,106.27999877929688,106.80999755859375,106.12999725341797,106.66999816894531,0
2024-11-19,106.20999908447266,106.62999725341797,106.11000061035156,106.26000213623047,0
2024-11-20,106.68000030517578,106.91999816894531,106.11000061035156,106.12000274658203,0
2024-11-21,106.97000122070312,107.16000366210938,106.45999908447266,106.58999633789062,0
2024-11-22,107.48999786376953,108.06999969482422,106.91999816894531,107.05999755859375,0
2024-11-25,106.81999969482422,107.25,106.58000183105469,107.25,0
2024-11-26,107.01000213623047,107.5,106.48999786376953,107.48999786376953,0
2024-11-27,106.08000183105469,106.91999816894531,105.86000061035156,106.81999969482422,0
2024-11-29,105.73999786376953,106.12999725341797,105.62000274658203,105.94999694824219,0
2024-12-02,106.44999694824219,106.7300033569336,105.81999969482422,105.81999969482422,0
2024-12-03,106.37000274658203,106.5999984741211,106.08999633789062,106.4800033569336,0
2024-12-04,106.33999633789062,106.72000122070312,106.08999633789062,106.43000030517578,0
2024-12-05,105.70999908447266,106.37000274658203,105.69999694824219,106.33999633789062,0
2024-12-06,105.97000122070312,106.16000366210938,105.41999816894531,105.79000091552734,0
2024-12-09,106.1500015258789,106.20999908447266,105.80000305175781,105.97000122070312,0
2024-12-10,106.4000015258789,106.63999938964844,106.04000091552734,106.18000030517578,0
2024-12-11,106.70999908447266,106.80999755859375,106.2699966430664,106.37000274658203,0
2024-12-12,106.95999908447266,107.04000091552734,106.3499984741211,106.56999969482422,0
2024-12-13,107.0,107.19000244140625,106.72000122070312,106.97000122070312,0
2024-12-16,106.86000061035156,107.16999816894531,106.75,106.94999694824219,0
2024-12-17,106.95999908447266,107.08000183105469,106.69999694824219,106.81999969482422,0
2024-12-18,108.02999877929688,108.2699966430664,106.81999969482422,106.93000030517578,0
2024-12-19,108.41000366210938,108.48999786376953,107.81999969482422,108.0999984741211,0
2024-12-20,107.62000274658203,108.54000091552734,107.58999633789062,108.4800033569336,0
2024-12-23,108.04000091552734,108.27999877929688,107.68000030517578,107.81999969482422,0
2024-12-24,108.26000213623047,108.30000305175781,107.91999816894531,108.16000366210938,0
2024-12-26,108.12999725341797,108.30000305175781,108.02999877929688,108.16999816894531,0
2024-12-27,108.0,108.19999694824219,107.87000274658203,108.08000183105469,0
2024-12-30,108.12999725341797,108.37999725341797,107.73999786376953,108.01000213623047,0
2024-12-31,108.48999786376953,108.58000183105469,107.87000274658203,108.08999633789062,0
2025-01-02,109.38999938964844,109.52999877929688,108.2699966430664,108.52999877929688,0
2025-01-03,108.94999694824219,109.22000122070312,108.9000015258789,109.19999694824219,0
2025-01-06,108.26000213623047,109.06999969482422,107.75,108.91999816894531,0
2025-01-07,108.54000091552734,108.69999694824219,107.8499984741211,108.33999633789062,0
2025-01-08,109.08999633789062,109.37999725341797,108.55000305175781,108.62000274658203,0
2025-01-09,109.18000030517578,109.37999725341797,108.94000244140625,109.08999633789062,0
2025-01-10,109.6500015258789,109.97000122070312,109.08000183105469,109.2300033569336,0
2025-01-13,109.95999908447266,110.18000030517578,109.41000366210938,109.63999938964844,0
2025-01-14,109.2699966430664,109.76000213623047,109.18000030517578,109.56999969482422,0
2025-01-15,109.08999633789062,109.37999725341797,108.5999984741211,109.2300033569336,0
2025-01-16,108.95999908447266,109.37999725341797,108.83000183105469,109.06999969482422,0
2025-01-17,109.3499984741211,109.41999816894531,108.83000183105469,108.93000030517578,0
2025-01-21,108.05999755859375,108.79000091552734,107.91999816894531,107.9800033569336,0
2025-01-22,108.16999816894531,108.2699966430664,107.75,107.98999786376953,0
2025-01-23,108.05000305175781,108.51000213623047,107.91999816894531,108.25,0
2025-01-24,107.44000244140625,108.19000244140625,107.22000122070312,108.08999633789062,0
2025-01-27,107.33999633789062,107.80999755859375,106.97000122070312,107.47000122070312,0
2025-01-28,107.87000274658203,108.05000305175781,107.69000244140625,107.70999908447266,0
2025-01-29,108.0,108.30000305175781,107.75,107.88999938964844,0
2025-01-30,107.80000305175781,108.23999786376953,107.5,107.86000061035156,0
2025-01-31,108.37000274658203,108.56999969482422,107.79000091552734,108.16000366210938,0
2025-02-03,108.98999786376953,109.87999725341797,108.33999633789062,108.5,0
2025-02-04,107.95999908447266,109.04000091552734,107.91999816894531,108.68000030517578,0
2025-02-05,107.58000183105469,108.01000213623047,107.30000305175781,108.01000213623047,0
2025-02-06,107.69000244140625,108.0999984741211,107.54000091552734,107.62000274658203,0
2025-02-07,108.04000091552734,108.31999969482422,107.5199966430664,107.69999694824219,0
2025-02-10,108.31999969482422,108.44000244140625,108.08999633789062,108.0999984741211,0
2025-02-11,107.95999908447266,108.45999908447266,107.77999877929688,108.33999633789062,0
2025-02-12,107.94000244140625,108.5199966430664,107.62999725341797,108.01000213623047,0
2025-02-13,107.30999755859375,108.0,107.02999877929688,107.91999816894531,0
2025-02-14,106.56999969482422,107.18000030517578,106.56999969482422,107.12000274658203,0
2025-02-18,107.05000305175781,107.12000274658203,106.80999755859375,106.81999969482422,0
2025-02-19,107.16999816894531,107.37999725341797,106.87999725341797,107.02999877929688,0
2025-02-20,106.33999633789062,107.1500015258789,106.33999633789062,107.12000274658203,0
2025-02-21,106.61000061035156,106.75,106.37999725341797,106.45999908447266,0
2025-02-24,106.5999984741211,106.75,106.12999725341797,106.63999938964844,0
2025-02-25,106.30999755859375,106.79000091552734,106.19000244140625,106.7699966430664,0
2025-02-26,106.41999816894531,106.6500015258789,106.16000366210938,106.16999816894531,0
2025-02-27,107.23999786376953,107.30999755859375,106.5199966430664,106.52999877929688,0
2025-02-28,107.61000061035156,107.66000366210938,107.18000030517578,107.25,0
2025-03-03,106.75,107.55999755859375,106.47000122070312,107.55999755859375,0
2025-03-04,105.73999786376953,106.6500015258789,105.52999877929688,106.55999755859375,0
2025-03-05,105.73999786376953,105.7699966430664,104.26000213623047,105.62000274658203,0
2025-03-06,104.05999755859375,104.38999938964844,103.76000213623047,104.31999969482422,0
2025-03-07,103.83999633789062,104.23999786376953,103.45999908447266,104.11000061035156,0
2025-03-10,103.91000366210938,104.05999755859375,103.55999755859375,103.91000366210938,0
2025-03-11,103.44000244140625,103.91999816894531,103.22000122070312,103.83999633789062,0
2025-03-12,103.61000061035156,103.77999877929688,103.3499984741211,103.41999816894531,0
2025-03-13,103.83000183105469,104.08000183105469,103.51000213623047,103.61000061035156,0
2025-03-14,103.72000122070312,104.08999633789062,103.56999969482422,103.83999633789062,0
2025-03-17,103.37000274658203,103.80999755859375,103.30000305175781,103.73999786376953,0
2025-03-18,103.23999786376953,103.68000030517578,103.19999694824219,103.44000244140625,0
2025-03-19,103.43000030517578,103.91000366210938,103.25,103.2699966430664,0
2025-03-20,103.8499984741211,104.12999725341797,103.31999969482422,103.43000030517578,0
2025-03-21,104.08999633789062,104.22000122070312,103.76000213623047,103.77999877929688,0
2025-03-24,104.26000213623047,104.44000244140625,103.83999633789062,104.1500015258789,0
2025-03-25,104.18000030517578,104.47000122070312,103.94000244140625,104.33000183105469,0
2025-03-26,104.55000305175781,104.68000030517578,104.18000030517578,104.25,0
2025-03-27,104.06999969482422,104.6500015258789,104.06999969482422,104.6500015258789,0
2025-03-28,104.04000091552734,104.5,103.9000015258789,104.27999877929688,0
